date,volume,open,high,low,close,adj close
2020-07-02,20900,1.8600000143051147,2.0999999046325684,1.820000052452088,1.830000042915344,1.830000042915344
2020-07-01,20600,1.830000042915344,1.8799999952316284,1.7100000381469729,1.850000023841858,1.850000023841858
2020-06-30,24700,1.8600000143051147,1.950000047683716,1.6200000047683716,1.830000042915344,1.830000042915344
2020-06-29,20900,2.049999952316284,2.13100004196167,1.9099999666213991,1.9099999666213991,1.9099999666213991
2020-06-26,3300,2.2799999713897705,2.2799999713897705,2.1099998950958248,2.174999952316284,2.174999952316284
2020-06-25,9600,1.9900000095367432,2.328000068664551,1.9900000095367432,2.2799999713897705,2.2799999713897705
2020-06-24,2100,2.3399999141693115,2.345999956130981,2.282999992370605,2.299999952316284,2.299999952316284
2020-06-23,19400,2.1400001049041752,2.549999952316284,2.1400001049041752,2.4300000667572017,2.4300000667572017
2020-06-22,18100,2.6600000858306885,2.6600000858306885,2.200000047683716,2.220000028610229,2.220000028610229
2020-06-19,25000,2.549999952316284,2.7049999237060547,2.5,2.5,2.5
2020-06-18,23900,2.380000114440918,2.7300000190734863,2.380000114440918,2.700000047683716,2.700000047683716
2020-06-17,7000,2.303999900817871,2.384999990463257,2.2699999809265137,2.3399999141693115,2.3399999141693115
2020-06-16,17400,2.2799999713897705,2.859999895095825,2.220000028610229,2.259999990463257,2.259999990463257
2020-06-15,8000,2.1099998950958248,2.25,2.1099998950958248,2.226999998092652,2.226999998092652
2020-06-12,8100,2.200000047683716,2.200000047683716,2.1099998950958248,2.1099998950958248,2.1099998950958248
2020-06-11,27700,2.240000009536743,2.240000009536743,2.0299999713897705,2.0999999046325684,2.0999999046325684
2020-06-10,16600,2.150000095367432,2.5209999084472656,2.0999999046325684,2.2100000381469727,2.2100000381469727
2020-06-09,30600,2.259000062942505,2.5199999809265137,2.1300001144409184,2.1300001144409184,2.1300001144409184
2020-06-08,32700,2.2100000381469727,2.289999961853028,2.049000024795532,2.1449999809265137,2.1449999809265137
2020-06-05,27300,1.8600000143051147,2.009999990463257,1.809999942779541,2.0,2.0
2020-06-04,18800,1.7699999809265137,1.8899999856948853,1.7200000286102295,1.8600000143051147,1.8600000143051147
2020-06-03,14900,1.75,1.8799999952316284,1.7350000143051147,1.8799999952316284,1.8799999952316284
2020-06-02,10600,1.850000023841858,1.850000023841858,1.75,1.7699999809265137,1.7699999809265137
2020-06-01,2800,1.850000023841858,1.850000023841858,1.7999999523162842,1.7999999523162842,1.7999999523162842
2020-05-29,7200,1.75,1.8400000333786009,1.7100000381469729,1.8400000333786009,1.8400000333786009
2020-05-28,11800,1.8350000381469729,1.89900004863739,1.7200000286102295,1.75,1.75
2020-05-27,11200,1.7200000286102295,1.861999988555908,1.5700000524520874,1.7599999904632568,1.7599999904632568
2020-05-26,16500,1.7000000476837158,1.8400000333786009,1.7000000476837158,1.75,1.75
2020-05-22,4900,1.7400000095367432,1.7400000095367432,1.6799999475479126,1.7200000286102295,1.7200000286102295
2020-05-21,13500,1.7899999618530271,1.8999999761581416,1.649999976158142,1.7300000190734863,1.7300000190734863
2020-05-20,18800,1.820000052452088,2.1300001144409184,1.7300000190734863,1.8899999856948853,1.8899999856948853
2020-05-19,15400,1.72599995136261,2.259999990463257,1.5199999809265137,1.7899999618530271,1.7899999618530271
2020-05-18,13500,1.809999942779541,1.820000052452088,1.5099999904632568,1.74399995803833,1.74399995803833
2020-05-15,3400,1.7419999837875366,1.7790000438690186,1.6599999666213991,1.690999984741211,1.690999984741211
2020-05-14,16600,1.6799999475479126,1.7000000476837158,1.5,1.690000057220459,1.690000057220459
2020-05-13,2900,1.6829999685287476,1.6950000524520874,1.6299999952316284,1.6950000524520874,1.6950000524520874
2020-05-12,14700,1.6599999666213991,1.8400000333786009,1.6399999856948853,1.7000000476837158,1.7000000476837158
2020-05-11,6900,1.820000052452088,1.850000023841858,1.7100000381469729,1.7100000381469729,1.7100000381469729
2020-05-08,6100,1.743000030517578,1.8600000143051147,1.743000030517578,1.819000005722046,1.819000005722046
2020-05-07,10200,1.7300000190734863,1.7999999523162842,1.690000057220459,1.7999999523162842,1.7999999523162842
2020-05-06,32300,1.649999976158142,1.7300000190734863,1.5499999523162842,1.7000000476837158,1.7000000476837158
2020-05-05,22700,1.7000000476837158,1.7619999647140503,1.5499999523162842,1.600000023841858,1.600000023841858
2020-05-04,6500,1.75,1.75,1.7200000286102295,1.7300000190734863,1.7300000190734863
2020-05-01,4600,1.7899999618530271,1.7999999523162842,1.7100000381469729,1.7100000381469729,1.7100000381469729
2020-04-30,7200,1.7799999713897705,1.8270000219345093,1.7640000581741333,1.7999999523162842,1.7999999523162842
2020-04-29,21100,1.7000000476837158,1.950000047683716,1.7000000476837158,1.7000000476837158,1.7000000476837158
2020-04-28,21000,1.809999942779541,1.809999942779541,1.5,1.7000000476837158,1.7000000476837158
2020-04-27,63200,1.5800000429153442,1.7400000095367432,1.5199999809265137,1.7200000286102295,1.7200000286102295
2020-04-24,13800,1.600000023841858,1.600000023841858,1.4099999666213991,1.5099999904632568,1.5099999904632568
2020-04-23,10500,1.5499999523162842,1.64900004863739,1.5180000066757202,1.5520000457763672,1.5520000457763672
2020-04-22,8500,1.5,1.5499999523162842,1.4299999475479126,1.5099999904632568,1.5099999904632568
2020-04-21,10900,1.4700000286102295,1.5199999809265137,1.4600000381469729,1.5099999904632568,1.5099999904632568
2020-04-20,26300,1.4889999628067017,1.5789999961853027,1.399999976158142,1.4720000028610232,1.4720000028610232
2020-04-17,13100,1.600000023841858,1.600000023841858,1.399999976158142,1.399999976158142,1.399999976158142
2020-04-16,8700,1.4900000095367432,1.6449999809265137,1.4700000286102295,1.4800000190734863,1.4800000190734863
2020-04-15,19800,1.6399999856948853,1.6399999856948853,1.4850000143051147,1.4850000143051147,1.4850000143051147
2020-04-14,14100,1.690000057220459,1.690000057220459,1.4299999475479126,1.4500000476837158,1.4500000476837158
2020-04-13,12300,1.75,1.7799999713897705,1.6599999666213991,1.690000057220459,1.690000057220459
2020-04-09,9200,1.7000000476837158,1.85699999332428,1.537999987602234,1.5900000333786009,1.5900000333786009
2020-04-08,22800,1.5199999809265137,1.6699999570846558,1.3799999952316284,1.5980000495910645,1.5980000495910645
2020-04-07,8300,1.399999976158142,1.4700000286102295,1.399999976158142,1.440000057220459,1.440000057220459
2020-04-06,12400,1.5,1.5900000333786009,1.2799999713897705,1.399999976158142,1.399999976158142
2020-04-03,11800,1.5399999618530271,1.5399999618530271,1.2799999713897705,1.2799999713897705,1.2799999713897705
2020-04-02,19700,1.5299999713897705,1.7899999618530271,1.350000023841858,1.350000023841858,1.350000023841858
2020-04-01,2700,1.75,1.8600000143051147,1.7100000381469729,1.7100000381469729,1.7100000381469729
2020-03-31,11800,1.7999999523162842,1.8289999961853027,1.7000000476837158,1.7000000476837158,1.7000000476837158
2020-03-30,20200,1.8899999856948853,2.056999921798706,1.600000023841858,1.7000000476837158,1.7000000476837158
2020-03-27,20900,1.8999999761581416,1.9299999475479128,1.7100000381469729,1.7699999809265137,1.7699999809265137
2020-03-26,29900,1.8320000171661377,2.559999942779541,1.7200000286102295,1.830000042915344,1.830000042915344
2020-03-25,30400,1.8650000095367432,2.3299999237060547,1.7000000476837158,1.815000057220459,1.815000057220459
2020-03-24,3900,1.6799999475479126,1.901000022888184,1.6799999475479126,1.7029999494552612,1.7029999494552612
2020-03-23,14200,1.6200000047683716,1.7200000286102295,1.5199999809265137,1.6399999856948853,1.6399999856948853
2020-03-20,33100,1.6799999475479126,1.89300000667572,1.5199999809265137,1.712000012397766,1.712000012397766
2020-03-19,28500,1.7990000247955322,1.8999999761581416,1.5,1.5,1.5
2020-03-18,15700,1.8899999856948853,1.9040000438690183,1.649999976158142,1.7599999904632568,1.7599999904632568
2020-03-17,22000,1.9099999666213991,1.950000047683716,1.8899999856948853,1.950000047683716,1.950000047683716
2020-03-16,27700,1.850000023841858,2.0989999771118164,1.6699999570846558,1.9099999666213991,1.9099999666213991
2020-03-13,20900,1.950000047683716,1.950000047683716,1.7230000495910645,1.7899999618530271,1.7899999618530271
2020-03-12,23100,2.369999885559082,2.369999885559082,1.3700000047683716,1.7999999523162842,1.7999999523162842
2020-03-11,22500,2.450000047683716,2.450000047683716,2.009999990463257,2.299999952316284,2.299999952316284
2020-03-10,16300,2.4300000667572017,2.7880001068115234,2.4300000667572017,2.4790000915527344,2.4790000915527344
2020-03-09,20300,2.5699999332427983,2.859999895095825,2.1700000762939453,2.5,2.5
2020-03-06,27800,2.940000057220459,2.940000057220459,2.559999942779541,2.559999942779541,2.559999942779541
2020-03-05,12400,2.799999952316284,2.8399999141693115,2.630000114440918,2.7880001068115234,2.7880001068115234
2020-03-04,12000,3.0,3.1050000190734863,2.75,2.7850000858306885,2.7850000858306885
2020-03-03,23900,2.865000009536743,3.0899999141693115,2.865000009536743,3.049999952316284,3.049999952316284
2020-03-02,27300,2.7699999809265137,3.150000095367432,2.7699999809265137,2.8499999046325684,2.8499999046325684
2020-02-28,43600,2.8499999046325684,2.900000095367432,2.559999942779541,2.75,2.75
2020-02-27,144400,3.539999961853028,3.619999885559082,2.539999961853028,2.91599988937378,2.91599988937378
2020-02-26,11600,3.75,3.75,3.5,3.660000085830689,3.660000085830689
2020-02-25,6900,3.608000040054321,3.858000040054321,3.6040000915527344,3.858000040054321,3.858000040054321
2020-02-24,23800,3.650000095367432,3.6679999828338623,3.5380001068115234,3.650000095367432,3.650000095367432
2020-02-21,7900,3.619999885559082,3.82699990272522,3.5999999046325684,3.630000114440918,3.630000114440918
2020-02-20,5200,3.628000020980835,3.628000020980835,3.5899999141693115,3.5899999141693115,3.5899999141693115
2020-02-19,27000,3.588000059127808,3.640000104904175,3.549999952316284,3.5799999237060547,3.5799999237060547
2020-02-18,8000,3.4800000190734863,3.5829999446868896,3.400000095367432,3.5,3.5
2020-02-14,9700,3.559999942779541,3.9600000381469727,3.559999942779541,3.588000059127808,3.588000059127808
2020-02-13,24200,3.5699999332427983,3.759999990463257,3.400000095367432,3.5799999237060547,3.5799999237060547
2020-02-12,37100,3.8199999332427983,3.8199999332427983,3.553999900817871,3.615000009536743,3.615000009536743
2020-02-11,23100,3.890000104904175,3.943000078201294,3.76200008392334,3.890000104904175,3.890000104904175
2020-02-10,40800,4.230000019073486,4.230000019073486,3.869999885559082,3.9159998893737793,3.9159998893737793
2020-02-07,97200,4.0,4.269999980926514,3.950000047683716,4.239999771118163,4.114999771118163
2020-02-06,30100,3.910000085830689,3.9800000190734863,3.908999919891357,3.973000049591065,3.8558716773986816
2020-02-05,16200,3.900000095367432,3.9179999828338623,3.890000104904175,3.9049999713897705,3.7898762226104736
2020-02-04,13300,3.950000047683716,3.950000047683716,3.700000047683716,3.890000104904175,3.7753186225891113
2020-02-03,6800,3.950000047683716,3.950000047683716,3.857000112533569,3.880000114440918,3.765613317489624
2020-01-31,11900,3.859999895095825,3.9300000667572017,3.8199999332427983,3.865000009536743,3.7510554790496826
2020-01-30,8200,3.927000045776367,3.933000087738037,3.859999895095825,3.878000020980835,3.763672351837158
2020-01-29,1600,3.920000076293945,3.920000076293945,3.910000085830689,3.920000076293945,3.804434061050415
2020-01-28,3400,3.990000009536743,3.990000009536743,3.920000076293945,3.920000076293945,3.804434061050415
2020-01-27,19300,3.990000009536743,4.0,3.900000095367432,3.900000095367432,3.78502368927002
2020-01-24,8000,3.872999906539917,3.9300000667572017,3.859999895095825,3.910000085830689,3.794728994369507
2020-01-23,11900,3.890000104904175,3.9040000438690186,3.83899998664856,3.869999885559082,3.7559080123901367
2020-01-22,10200,3.859999895095825,3.927999973297119,3.849999904632568,3.880000114440918,3.765613317489624
2020-01-21,6900,3.7799999713897705,3.869999885559082,3.7799999713897705,3.869999885559082,3.7559080123901367
2020-01-17,5600,3.880000114440918,3.880000114440918,3.849999904632568,3.878999948501587,3.7646427154541016
2020-01-16,7500,3.8199999332427983,3.900000095367432,3.811000108718872,3.822999954223633,3.710293769836426
2020-01-15,31600,3.9300000667572017,3.9300000667572017,3.7730000019073486,3.858999967575073,3.745232343673706
2020-01-14,15900,3.849999904632568,3.865999937057495,3.802999973297119,3.83899998664856,3.725821971893311
2020-01-13,8900,3.8239998817443848,3.845999956130981,3.795000076293945,3.795000076293945,3.683119297027588
2020-01-10,8700,3.910000085830689,3.910000085830689,3.7109999656677246,3.8090000152587886,3.696706533432007
2020-01-09,21800,3.869999885559082,3.869999885559082,3.7290000915527344,3.8050000667572017,3.692824363708496
2020-01-08,18100,3.8199999332427983,3.849999904632568,3.7100000381469727,3.7699999809265137,3.658856153488159
2020-01-07,15000,3.7699999809265137,3.786999940872192,3.700000047683716,3.73799991607666,3.6277995109558105
2020-01-06,19900,3.890000104904175,3.890000104904175,3.759999990463257,3.775000095367432,3.663708925247192
2020-01-03,3700,3.5999999046325684,3.6800000667572017,3.5920000076293945,3.6800000667572017,3.571509599685669
2020-01-02,7300,3.740000009536743,3.743000030517578,3.5,3.5929999351501465,3.487074375152588
2019-12-31,9300,3.5,3.5,3.4600000381469727,3.4600000381469727,3.35799527168274
2019-12-30,9300,3.470000028610229,3.5,3.3399999141693115,3.3399999141693115,3.241533041000366
2019-12-27,15900,3.4500000476837163,3.5,3.4500000476837163,3.4800000190734863,3.3774056434631348
2019-12-26,14600,3.5,3.5,3.4230000972747803,3.4790000915527344,3.3764352798461914
2019-12-24,26600,3.490000009536743,3.490000009536743,3.400000095367432,3.4100000858306885,3.30946946144104
2019-12-23,18700,3.549999952316284,3.549999952316284,3.400000095367432,3.4210000038146973,3.3201451301574707
2019-12-20,22600,3.549999952316284,3.747999906539917,3.3499999046325684,3.549999952316284,3.4453420639038086
2019-12-19,41800,3.5,3.5850000381469727,3.2699999809265137,3.4649999141693115,3.3628478050231934
2019-12-18,28600,3.650000095367432,3.700000047683716,3.549999952316284,3.549999952316284,3.4453420639038086
2019-12-17,7500,3.660000085830689,3.714999914169312,3.660000085830689,3.6689999103546143,3.5608336925506587
2019-12-16,56300,3.900000095367432,3.900000095367432,3.640000104904175,3.6809999942779537,3.5724799633026123
2019-12-13,2800,3.869999885559082,3.938999891281128,3.869999885559082,3.880000114440918,3.765613317489624
2019-12-12,7100,3.910000085830689,3.9219999313354488,3.869999885559082,3.869999885559082,3.7559080123901367
2019-12-11,10700,4.0,4.0,3.890000104904175,3.890000104904175,3.7753186225891113
2019-12-10,6000,3.9700000286102295,4.0349998474121085,3.9700000286102295,4.031000137329103,3.9121618270874015
2019-12-09,13600,4.030000209808351,4.030000209808351,3.8959999084472656,3.9700000286102295,3.852960109710693
2019-12-06,17600,3.9800000190734863,4.090000152587892,3.9700000286102295,3.9700000286102295,3.852960109710693
2019-12-05,30300,4.190000057220459,4.199999809265137,3.9700000286102295,4.064000129699707,3.9441888332366943
2019-12-04,10100,4.030000209808351,4.248000144958496,4.030000209808351,4.059999942779541,3.940306663513184
2019-12-03,7900,4.0399999618530265,4.050000190734863,4.019999980926514,4.050000190734863,3.9306015968322754
2019-12-02,14100,3.900000095367432,4.090000152587892,3.900000095367432,4.059999942779541,3.940306663513184
2019-11-29,4500,3.924999952316284,3.9800000190734863,3.9030001163482666,3.920000076293945,3.804434061050415
2019-11-27,2900,4.010000228881837,4.010000228881837,3.950000047683716,3.984999895095825,3.867517709732056
2019-11-26,25700,4.0,4.030000209808351,3.900000095367432,3.900000095367432,3.78502368927002
2019-11-25,34700,4.070000171661377,4.072999954223634,3.9700000286102295,4.019000053405762,3.9005155563354488
2019-11-22,9900,3.9700000286102295,3.9800000190734863,3.910000085830689,3.910000085830689,3.794728994369507
2019-11-21,22600,4.02899980545044,4.02899980545044,3.910000085830689,3.910000085830689,3.794728994369507
2019-11-20,7900,3.920000076293945,4.099999904632568,3.910000085830689,3.910000085830689,3.794728994369507
2019-11-19,9700,4.040999889373778,4.099999904632568,3.920000076293945,4.0,3.882075548171997
2019-11-18,15000,4.026999950408936,4.199999809265137,4.010000228881837,4.081999778747559,3.961658000946045
2019-11-15,50000,4.050000190734863,4.050000190734863,3.9600000381469727,4.045000076293944,3.925749063491821
2019-11-14,17300,4.010000228881837,4.050000190734863,4.010000228881837,4.050000190734863,3.9306015968322754
2019-11-13,99500,4.179999828338623,4.190000057220459,3.950000047683716,4.030000209808351,3.91119122505188
2019-11-12,79500,4.429999828338623,4.429999828338623,4.170000076293944,4.300000190734863,4.173231601715088
2019-11-11,150400,4.440000057220459,4.449999809265137,4.369999885559082,4.429999828338623,4.1295576095581055
2019-11-08,85700,4.440000057220459,4.440000057220459,4.309999942779541,4.375999927520752,4.0792202949523935
2019-11-07,34900,4.199999809265137,4.380000114440918,4.1649999618530265,4.25,3.9617652893066406
2019-11-06,37900,4.329999923706056,4.375999927520752,4.122000217437743,4.269999980926514,3.9804086685180655
2019-11-05,79600,4.170000076293944,4.2899999618530265,4.099999904632568,4.190000057220459,3.905834674835205
2019-11-04,35400,4.199999809265137,4.349999904632568,4.138999938964844,4.139999866485597,3.8592255115509033
2019-11-01,34700,4.059999942779541,4.179999828338623,4.050000190734863,4.070000171661377,3.793973207473755
2019-10-31,20700,4.010000228881837,4.059999942779541,4.010000228881837,4.0399999618530265,3.766007423400879
2019-10-30,7300,4.0,4.059999942779541,4.0,4.053999900817871,3.77905797958374
2019-10-29,7400,4.0,4.045000076293944,3.9300000667572017,3.9300000667572017,3.6634678840637207
2019-10-28,27300,4.030000209808351,4.059999942779541,3.9600000381469727,3.9600000381469727,3.6914334297180176
2019-10-25,30000,4.030000209808351,4.059999942779541,3.9700000286102295,3.9700000286102295,3.7007551193237305
2019-10-24,4900,4.079999923706056,4.079999923706056,4.030000209808351,4.030000209808351,3.756685972213745
2019-10-23,2700,4.091000080108644,4.091000080108644,4.059999942779541,4.070000171661377,3.793973207473755
2019-10-22,3200,4.119999885559082,4.119999885559082,4.059999942779541,4.090000152587892,3.81261682510376
2019-10-21,1000,4.050000190734863,4.130000114440918,4.010000228881837,4.010000228881837,3.73804235458374
2019-10-18,4000,4.130000114440918,4.130000114440918,4.050000190734863,4.050000190734863,3.77532958984375
2019-10-17,5000,4.090000152587892,4.130000114440918,4.090000152587892,4.090000152587892,3.81261682510376
2019-10-16,1600,4.079999923706056,4.090000152587892,4.079999923706056,4.090000152587892,3.81261682510376
2019-10-15,5200,4.170000076293944,4.170000076293944,4.099999904632568,4.119999885559082,3.8405818939208975
2019-10-14,200,4.1599998474121085,4.1599998474121085,4.1599998474121085,4.1599998474121085,3.877869129180908
2019-10-11,2000,4.150000095367432,4.170000076293944,4.150000095367432,4.170000076293944,3.8871910572052
2019-10-10,1900,4.1599998474121085,4.1640000343322745,4.150000095367432,4.1599998474121085,3.877869129180908
2019-10-09,900,4.170000076293944,4.170000076293944,4.170000076293944,4.170000076293944,3.8871910572052
2019-10-08,3900,4.239999771118163,4.239999771118163,4.179999828338623,4.179999828338623,3.896512508392334
2019-10-07,7000,4.199999809265137,4.199999809265137,4.1599998474121085,4.179999828338623,3.896512508392334
2019-10-04,1000,4.204999923706056,4.230000019073486,4.170000076293944,4.170000076293944,3.8871910572052
2019-10-03,1500,4.1599998474121085,4.2189998626708975,4.1599998474121085,4.1599998474121085,3.877869129180908
2019-10-02,2100,4.313000202178955,4.313000202178955,4.1599998474121085,4.1599998474121085,3.877869129180908
2019-10-01,7300,4.2100000381469735,4.25,4.090000152587892,4.2199997901916495,3.9337999820709233
2019-09-30,1300,4.177999973297118,4.252999782562257,4.177999973297118,4.25,3.9617652893066406
2019-09-27,9300,4.2100000381469735,4.2100000381469735,4.0,4.099999904632568,3.8219382762908936
2019-09-26,8700,4.1599998474121085,4.309999942779541,4.119999885559082,4.150000095367432,3.8685476779937744
2019-09-25,7000,4.25,4.340000152587892,4.239999771118163,4.309999942779541,4.0176963806152335
2019-09-24,2900,4.199999809265137,4.25,4.179999828338623,4.25,3.9617652893066406
2019-09-23,5000,4.215000152587892,4.25,4.179999828338623,4.199999809265137,3.915156364440918
2019-09-20,11700,4.2890000343322745,4.380000114440918,4.186999797821045,4.2100000381469735,3.92447829246521
2019-09-19,14600,4.25,4.375,4.199999809265137,4.199999809265137,3.915156364440918
2019-09-18,23600,4.150000095367432,4.364999771118163,4.099999904632568,4.300000190734863,4.0083746910095215
2019-09-17,13000,4.2719998359680185,4.355999946594238,3.910000085830689,4.304999828338623,4.013035297393799
2019-09-16,1100,4.25,4.400000095367432,4.25,4.400000095367432,4.101592540740967
2019-09-13,6500,4.380000114440918,4.380000114440918,4.239999771118163,4.25,3.9617652893066406
2019-09-12,7200,4.301000118255615,4.329999923706056,4.2899999618530265,4.2899999618530265,3.9990527629852295
2019-09-11,26200,4.25,4.380000114440918,4.199999809265137,4.300000190734863,4.0083746910095215
2019-09-10,7300,4.380000114440918,4.380000114440918,4.25,4.25,3.9617652893066406
2019-09-09,12300,4.329999923706056,4.440000057220459,4.329999923706056,4.369999885559082,4.07362699508667
2019-09-06,1700,4.4099998474121085,4.449999809265137,4.329999923706056,4.449999809265137,4.148200988769531
2019-09-05,2900,4.162000179290772,4.400000095367432,4.162000179290772,4.400000095367432,4.101592540740967
2019-09-04,3200,4.099999904632568,4.099999904632568,4.030000209808351,4.059999942779541,3.784651279449463
2019-09-03,5700,4.449999809265137,4.449999809265137,4.13700008392334,4.13700008392334,3.8564293384552
2019-08-30,58100,4.36899995803833,4.389999866485597,3.8199999332427983,3.900000095367432,3.635502576828003
2019-08-29,6000,4.170000076293944,4.449999809265137,4.170000076293944,4.369999885559082,4.07362699508667
2019-08-28,1000,4.260000228881837,4.340000152587892,4.260000228881837,4.340000152587892,4.045661449432373
2019-08-23,5400,4.421000003814697,4.421000003814697,4.280000209808351,4.280000209808351,3.9897310733795166
2019-08-22,3300,4.269999980926514,4.369999885559082,4.269999980926514,4.2899999618530265,3.9990527629852295
2019-08-21,3300,4.449999809265137,4.449999809265137,4.361000061035156,4.361000061035156,4.065237522125243
2019-08-20,13600,4.260000228881837,4.400000095367432,4.260000228881837,4.349999904632568,4.054983615875243
2019-08-19,7600,4.449999809265137,4.449999809265137,4.260000228881837,4.350999832153319,4.055915355682373
2019-08-15,1300,4.449999809265137,4.449999809265137,4.304999828338623,4.318999767303467,4.026085376739502
2019-08-14,12300,4.449999809265137,4.449999809265137,4.360000133514403,4.360000133514403,4.064305305480957
2019-08-13,4200,4.329999923706056,4.428999900817871,4.290999889373778,4.360000133514403,4.064305305480957
2019-08-12,7500,4.380000114440918,4.389999866485597,4.329999923706056,4.329999923706056,4.03633975982666
2019-08-09,1600,4.260000228881837,4.26200008392334,4.260000228881837,4.26200008392334,3.972951650619507
2019-08-08,20800,4.449999809265137,4.449999809265137,4.260000228881837,4.260000228881837,3.971087455749512
2019-08-07,4700,4.300000190734863,4.389999866485597,4.300000190734863,4.389999866485597,4.092270374298097
2019-08-06,2100,4.329999923706056,4.329999923706056,4.300000190734863,4.300000190734863,4.0083746910095215
2019-08-05,3100,4.2890000343322745,4.422999858856201,4.2890000343322745,4.329999923706056,4.03633975982666
2019-08-02,600,4.280000209808351,4.2899999618530265,4.280000209808351,4.2899999618530265,3.9990527629852295
2019-08-01,3800,4.3429999351501465,4.449999809265137,4.340000152587892,4.449999809265137,4.148200988769531
2019-07-31,6500,4.269999980926514,4.429999828338623,4.260000228881837,4.260000228881837,3.971087455749512
2019-07-30,4200,4.440000057220459,4.440000057220459,4.260000228881837,4.260000228881837,3.971087455749512
2019-07-29,6600,4.449999809265137,4.449999809265137,4.300000190734863,4.329999923706056,4.03633975982666
2019-07-26,9300,4.389999866485597,4.429999828338623,4.340000152587892,4.4079999923706055,4.1090497970581055
2019-07-25,9300,4.360000133514403,4.449999809265137,4.360000133514403,4.389999866485597,4.092270374298097
2019-07-24,7600,4.400000095367432,4.429999828338623,4.369999885559082,4.369999885559082,4.07362699508667
2019-07-23,600,4.389999866485597,4.400000095367432,4.389999866485597,4.400000095367432,4.101592540740967
2019-07-22,10100,4.427999973297119,4.429999828338623,4.360000133514403,4.429999828338623,4.1295576095581055
2019-07-19,13800,4.400000095367432,4.400000095367432,4.360000133514403,4.389999866485597,4.092270374298097
2019-07-18,11200,4.449999809265137,4.449999809265137,4.400000095367432,4.400000095367432,4.101592540740967
2019-07-17,4600,4.360000133514403,4.480000019073486,4.360000133514403,4.440000057220459,4.1388797760009775
2019-07-16,4000,4.400000095367432,4.449999809265137,4.329999923706056,4.449999809265137,4.148200988769531
2019-07-15,7800,4.427999973297119,4.427999973297119,4.320000171661377,4.400000095367432,4.101592540740967
2019-07-12,15300,4.489999771118164,4.489999771118164,4.260000228881837,4.309999942779541,4.0176963806152335
2019-07-11,45400,4.760000228881836,4.760000228881836,4.260000228881837,4.449999809265137,4.148200988769531
2019-07-10,56100,4.809999942779541,4.840000152587892,4.711999893188477,4.739999771118164,4.255401611328125
2019-07-09,20800,4.809999942779541,4.809999942779541,4.730000019073486,4.789999961853027,4.300290584564209
2019-07-08,17900,4.840000152587892,4.840000152587892,4.599999904632568,4.809999942779541,4.3182454109191895
2019-07-05,29400,4.760000228881836,4.849999904632568,4.650000095367432,4.800000190734863,4.3092684745788565
2019-07-03,1200,4.619999885559082,4.78000020980835,4.619999885559082,4.769999980926514,4.282334804534912
2019-07-02,6000,4.5879998207092285,4.626999855041504,4.53000020980835,4.53000020980835,4.066871643066406
2019-07-01,800,4.46999979019165,4.755000114440918,4.46999979019165,4.650000095367432,4.17460298538208
2019-06-28,900,4.380000114440918,4.380000114440918,4.380000114440918,4.380000114440918,3.932207345962525
2019-06-27,10900,4.78000020980835,4.78000020980835,4.380000114440918,4.559999942779541,4.093804836273193
2019-06-26,6600,4.590000152587892,4.900000095367432,4.590000152587892,4.900000095367432,4.3990440368652335
2019-06-25,2600,4.429999828338623,4.7179999351501465,4.4099998474121085,4.4099998474121085,3.959139585494995
2019-06-24,24400,4.559999942779541,4.690000057220459,4.380000114440918,4.380000114440918,3.932207345962525
2019-06-21,9600,4.630000114440918,4.75,4.380000114440918,4.380000114440918,3.932207345962525
2019-06-20,4900,4.539999961853027,4.735000133514403,4.380000114440918,4.380000114440918,3.932207345962525
2019-06-19,18000,4.789999961853027,4.789999961853027,4.059999942779541,4.380000114440918,3.932207345962525
2019-06-18,11500,4.78000020980835,4.78000020980835,4.239999771118163,4.6599998474121085,4.183580398559569
2019-06-17,2500,4.676000118255615,4.889999866485597,4.670000076293945,4.75,4.264379978179932
2019-06-14,4300,4.739999771118164,4.800000190734863,4.739999771118164,4.760000228881836,4.27335786819458
2019-06-13,6900,4.2899999618530265,4.789999961853027,3.900000095367432,4.739999771118164,4.255401611328125
2019-06-12,32100,4.539999961853027,4.650000095367432,4.2899999618530265,4.650000095367432,4.17460298538208
2019-06-11,7600,4.65399980545044,4.684999942779541,4.541999816894531,4.630000114440918,4.1566481590271005
2019-06-10,23200,4.829999923706055,4.829999923706055,4.599999904632568,4.639999866485597,4.16562557220459
2019-06-07,4100,4.572000026702881,4.7849998474121085,4.572000026702881,4.7849998474121085,4.295801162719728
2019-06-06,16000,4.809999942779541,4.809999942779541,4.638000011444092,4.769999980926514,4.282334804534912
2019-06-05,66800,4.6599998474121085,4.900000095367432,4.6599998474121085,4.800000190734863,4.3092684745788565
2019-06-04,67800,4.789999961853027,5.300000190734863,4.501999855041504,4.501999855041504,4.041734218597412
2019-06-03,10400,4.320000171661377,4.723999977111816,4.320000171661377,4.480000019073486,4.021983623504639
2019-05-31,35200,4.0,4.320000171661377,3.900000095367432,4.320000171661377,3.878341197967529
2019-05-30,4500,3.900000095367432,3.9800000190734863,3.7100000381469727,3.9800000190734863,3.5731012821197514
2019-05-29,46100,4.547999858856201,4.547999858856201,3.8190000057220463,3.9809999465942383,3.5739989280700684
2019-05-28,13900,4.440000057220459,4.744999885559082,4.3359999656677255,4.400000095367432,3.950162410736084
2019-05-24,24600,4.5,4.869999885559082,4.300000190734863,4.340000152587892,3.896296262741089
2019-05-23,5100,4.539999961853027,4.860000133514403,4.5,4.5,4.0399389266967765
2019-05-22,61400,4.960000038146973,4.989999771118164,4.835000038146973,4.929999828338623,4.2688684463500985
2019-05-21,177600,4.9780001640319815,4.9780001640319815,4.769000053405762,4.800000190734863,4.1563024520874015
2019-05-20,11800,4.980000019073486,4.980000019073486,4.900000095367432,4.949999809265137,4.286186695098877
2019-05-17,800,4.843999862670898,4.989999771118164,4.843999862670898,4.949999809265137,4.286186695098877
2019-05-16,62200,4.989999771118164,5.0,4.800000190734863,4.900000095367432,4.242891311645509
2019-05-15,72200,5.079999923706055,5.150000095367432,4.974999904632568,4.999000072479248,4.328615188598634
2019-05-14,15600,5.039999961853027,5.099999904632568,4.820000171661377,4.820000171661377,4.173620223999023
2019-05-13,21400,5.039999961853027,5.039999961853027,4.849999904632568,5.039999961853027,4.36411714553833
2019-05-10,30200,5.369999885559082,5.369999885559082,4.820000171661377,4.999000072479248,4.328615188598634
2019-05-09,105400,4.849999904632568,5.110000133514403,4.519999980926514,4.949999809265137,4.286186695098877
2019-05-08,40000,7.5,7.5,6.0,6.0,5.1953773498535165
2019-05-07,20600,7.699999809265138,8.086000442504883,7.699999809265138,7.75,6.710696220397949
2019-05-06,32400,7.800000190734862,8.359000205993652,7.610000133514403,7.800000190734862,6.75399112701416
2019-05-03,10200,8.100000381469728,8.628999710083008,7.829999923706055,7.829999923706055,6.779967784881593
2019-05-02,33100,7.900000095367432,8.670000076293945,7.635000228881836,7.96999979019165,6.901192665100098
2019-04-30,300,8.0,8.0,7.900000095367432,7.900000095367432,6.840580463409424
2019-04-29,100,7.5,7.5,7.5,7.5,6.494221687316895
2019-04-26,100,7.5,7.5,7.5,7.5,6.494221687316895
2019-04-24,100,8.0,8.0,8.0,8.0,6.927170276641847
2019-04-23,1500,7.889999866485597,8.0,7.650000095367432,8.0,6.927170276641847
2019-04-22,200,7.050000190734862,7.380000114440918,7.050000190734862,7.380000114440918,6.390315055847168
2019-04-17,100,7.25,7.25,7.25,7.25,6.277748107910156
2019-04-16,100,7.25,7.25,7.25,7.25,6.277748107910156
2019-04-15,1200,6.978000164031982,7.25,6.978000164031982,7.25,6.277748107910156
2019-04-12,2700,7.199999809265138,7.239999771118164,7.0,7.0,6.06127405166626
2019-04-11,6000,7.5,7.5,7.179999828338622,7.179999828338622,6.217135429382324
2019-04-10,1400,7.25,7.25,7.199999809265138,7.199999809265138,6.234453201293945
2019-04-09,1600,7.28000020980835,7.28000020980835,7.25,7.25,6.277748107910156
2019-04-05,1500,7.5,7.619999885559082,7.5,7.616000175476074,6.594666004180907
2019-04-03,1600,7.650000095367432,7.650000095367432,7.650000095367432,7.650000095367432,6.624106407165527
2019-04-02,600,7.320000171661378,7.650000095367432,7.309999942779541,7.650000095367432,6.624106407165527
2019-04-01,100,7.550000190734862,7.550000190734862,7.550000190734862,7.550000190734862,6.537517547607423
2019-03-29,100,7.550000190734862,7.550000190734862,7.550000190734862,7.550000190734862,6.537517547607423
2019-03-28,6000,7.75,8.0,7.5,7.550000190734862,6.537517547607423
2019-03-27,1800,7.760000228881836,7.760000228881836,7.75,7.75,6.710696220397949
2019-03-26,12100,8.149999618530272,8.149999618530272,7.363999843597412,7.989999771118164,6.918510913848878
2019-03-25,1900,8.189999580383299,8.199999809265138,8.149999618530272,8.149999618530272,7.057054042816162
2019-03-22,3600,8.309000015258789,8.741000175476074,8.175000190734862,8.175000190734862,7.078702449798584
2019-03-21,500,8.329999923706055,8.350000381469728,8.329999923706055,8.329999923706055,7.212915897369385
2019-03-20,100,8.190999984741211,8.190999984741211,8.190999984741211,8.190999984741211,7.0925559997558585
2019-03-19,100,8.190999984741211,8.190999984741211,8.190999984741211,8.190999984741211,7.0925559997558585
2019-03-18,2000,8.190999984741211,8.190999984741211,8.149999618530272,8.190999984741211,7.0925559997558585
2019-03-15,400,8.149999618530272,8.149999618530272,8.149999618530272,8.149999618530272,7.057054042816162
2019-03-14,300,8.989999771118164,8.989999771118164,8.899999618530273,8.899999618530273,7.7064762115478525
2019-03-13,200,9.149999618530272,9.149999618530272,9.149999618530272,9.149999618530272,7.922950267791747
2019-03-12,4100,9.0,9.260000228881836,8.210000038146973,8.763999938964844,7.588715076446532
2019-03-11,4500,7.973000049591064,9.0,7.460000038146973,9.0,7.793066501617432
2019-03-08,100,7.300000190734862,7.300000190734862,7.300000190734862,7.300000190734862,6.321043014526367
2019-03-05,100,7.300000190734862,7.300000190734862,7.300000190734862,7.300000190734862,6.321043014526367
2019-03-04,500,7.300000190734862,7.300000190734862,7.300000190734862,7.300000190734862,6.321043014526367
2019-03-01,3000,7.739999771118164,7.739999771118164,7.199999809265138,7.199999809265138,6.234453201293945
2019-02-28,100,7.599999904632567,7.599999904632567,7.599999904632567,7.599999904632567,6.580811500549316
2019-02-27,1700,7.599999904632567,7.730000019073486,7.599999904632567,7.599999904632567,6.580811500549316
2019-02-26,1000,7.510000228881836,7.510000228881836,7.510000228881836,7.510000228881836,6.502881050109862
2019-02-22,3500,7.869999885559082,8.0,7.869999885559082,8.0,6.927170276641847
2019-02-21,300,7.5,7.5,7.5,7.5,6.494221687316895
2019-02-20,100,7.300000190734862,7.300000190734862,7.300000190734862,7.300000190734862,6.321043014526367
2019-02-19,100,7.300000190734862,7.300000190734862,7.300000190734862,7.300000190734862,6.321043014526367
2019-02-13,100,7.300000190734862,7.300000190734862,7.300000190734862,7.300000190734862,6.321043014526367
2019-02-12,900,8.090000152587889,8.090000152587889,8.090000152587889,8.090000152587889,7.005100727081299
2019-02-08,100,7.0,7.0,7.0,7.0,6.06127405166626
2019-02-07,3500,7.059999942779541,7.059999942779541,6.980000019073486,7.0,6.06127405166626
2019-02-06,200,7.25,7.25,7.25,7.25,6.277748107910156
2019-02-05,100,7.25,7.25,7.25,7.25,6.277748107910156
2019-02-04,400,7.25,7.269999980926514,7.25,7.25,6.277748107910156
2019-02-01,6000,7.25,7.400000095367432,7.25,7.400000095367432,6.407632827758789
2019-01-31,100,7.239999771118164,7.239999771118164,7.239999771118164,7.239999771118164,6.269089221954347
2019-01-30,100,7.239999771118164,7.239999771118164,7.239999771118164,7.239999771118164,6.269089221954347
2019-01-29,200,7.239999771118164,7.239999771118164,7.239999771118164,7.239999771118164,6.269089221954347
2019-01-28,1300,7.510000228881836,7.550000190734862,7.25,7.25,6.277748107910156
2019-01-25,700,7.739999771118164,8.310000419616701,7.739999771118164,8.310000419616701,7.195598125457764
2019-01-23,2100,7.309999942779541,7.730000019073486,6.75,7.730000019073486,6.693378448486327
2019-01-22,100,7.309999942779541,7.309999942779541,7.309999942779541,7.309999942779541,6.329701900482178
2019-01-18,4600,8.180000305175781,8.180000305175781,7.25,7.309999942779541,6.329701900482178
2019-01-17,100,9.260000228881836,9.260000228881836,9.260000228881836,9.260000228881836,8.018199920654299
2019-01-16,100,9.260000228881836,9.260000228881836,9.260000228881836,9.260000228881836,8.018199920654299
2019-01-15,100,9.300000190734863,9.300000190734863,9.300000190734863,9.300000190734863,8.052835464477539
2019-01-14,100,9.300000190734863,9.300000190734863,9.300000190734863,9.300000190734863,8.052835464477539
2019-01-11,100,9.300000190734863,9.300000190734863,9.300000190734863,9.300000190734863,8.052835464477539
2019-01-09,600,9.300000190734863,9.300000190734863,9.300000190734863,9.300000190734863,8.052835464477539
2019-01-08,1000,9.15999984741211,9.300000190734863,9.15999984741211,9.300000190734863,8.052835464477539
2019-01-07,100,9.020000457763672,9.020000457763672,9.020000457763672,9.020000457763672,7.810385227203369
2019-01-04,1100,9.020000457763672,9.020000457763672,9.020000457763672,9.020000457763672,7.810385227203369
2019-01-03,2200,9.109999656677246,9.154000282287598,9.020000457763672,9.020000457763672,7.810385227203369
2019-01-02,300,9.010000228881836,9.010000228881836,9.010000228881836,9.010000228881836,7.8017258644104
2018-12-28,1600,7.199999809265138,8.699999809265138,7.199999809265138,8.699999809265138,7.533298015594482
2018-12-27,3300,7.099999904632568,7.099999904632568,7.099999904632568,7.099999904632568,6.1478633880615225
2018-12-26,1100,7.421999931335449,7.421999931335449,7.335000038146973,7.335000038146973,6.351348876953125
2018-12-24,400,9.199999809265137,9.199999809265137,8.279999732971191,8.279999732971191,7.169620990753174
2018-12-21,1500,9.170000076293944,9.21500015258789,9.170000076293944,9.204999923706056,7.970575332641602
2018-12-20,4600,9.100000381469728,9.170000076293944,9.100000381469728,9.170000076293944,7.940268039703369
2018-12-19,1900,9.0,9.050000190734863,9.0,9.050000190734863,7.8363609313964835
2018-12-18,2300,9.0,9.0,9.0,9.0,7.793066501617432
2018-12-17,15100,9.100000381469728,9.100000381469728,8.75,9.0,7.793066501617432
2018-12-14,200,9.0,9.0,9.0,9.0,7.793066501617432
2018-12-13,2500,9.020000457763672,9.029999732971191,9.0,9.0,7.793066501617432
2018-12-12,100,9.270000457763672,9.270000457763672,9.270000457763672,9.270000457763672,8.026859283447267
2018-12-11,200,9.270000457763672,9.270000457763672,9.270000457763672,9.270000457763672,8.026859283447267
2018-12-10,900,9.0,9.300000190734863,9.0,9.270000457763672,7.875327110290527
2018-12-07,3900,9.0,9.300000190734863,8.75,9.300000190734863,7.90081262588501
2018-12-06,5200,9.399999618530272,9.399999618530272,8.5,9.3100004196167,7.909308433532715
2018-12-04,100,9.1899995803833,9.1899995803833,9.1899995803833,9.1899995803833,7.807362556457519
2018-12-03,1100,9.12600040435791,9.199999809265137,9.12600040435791,9.1899995803833,7.807362556457519
2018-11-30,1100,9.380000114440918,9.399999618530272,9.380000114440918,9.399999618530272,7.985767841339111
2018-11-29,1900,9.0,9.199999809265137,9.0,9.199999809265137,7.815858364105225
2018-11-28,21300,9.5,9.75,8.539999961853027,9.399999618530272,7.985767841339111
